date,count,result
2020-04-01 04:00:00+00,993,negative
2020-04-01 04:00:00+00,446,positive
2020-04-02 04:00:00+00,366,positive
2020-04-02 04:00:00+00,815,negative
2020-04-03 04:00:00+00,1053,negative
2020-04-03 04:00:00+00,523,positive
2020-04-04 04:00:00+00,960,negative
2020-04-04 04:00:00+00,306,positive
2020-04-05 04:00:00+00,253,positive
2020-04-05 04:00:00+00,769,negative
2020-04-06 04:00:00+00,584,positive
2020-04-06 04:00:00+00,1114,negative
2020-04-07 04:00:00+00,598,positive
2020-04-07 04:00:00+00,813,negative
2020-04-08 04:00:00+00,550,positive
2020-04-08 04:00:00+00,1059,negative
2020-04-09 04:00:00+00,925,negative
2020-04-09 04:00:00+00,436,positive
2020-04-10 04:00:00+00,511,positive
2020-04-10 04:00:00+00,996,negative
2020-04-11 04:00:00+00,225,positive
2020-04-11 04:00:00+00,635,negative
2020-04-12 04:00:00+00,206,positive
2020-04-12 04:00:00+00,725,negative
2020-04-13 04:00:00+00,510,negative
2020-04-13 04:00:00+00,453,positive
2020-04-14 04:00:00+00,750,negative
2020-04-14 04:00:00+00,608,positive
2020-04-15 04:00:00+00,538,positive
2020-04-15 04:00:00+00,1046,negative
2020-04-16 04:00:00+00,934,negative
2020-04-16 04:00:00+00,527,positive
2020-04-17 04:00:00+00,471,positive
2020-04-17 04:00:00+00,976,negative
2020-04-18 04:00:00+00,258,positive
2020-04-18 04:00:00+00,570,negative
2020-04-19 04:00:00+00,586,negative
2020-04-19 04:00:00+00,218,positive
2020-04-20 04:00:00+00,625,positive
2020-04-20 04:00:00+00,899,negative
2020-04-21 04:00:00+00,1112,negative
2020-04-21 04:00:00+00,414,positive
2020-04-22 04:00:00+00,1133,negative
2020-04-22 04:00:00+00,508,positive
2020-04-23 04:00:00+00,453,positive
2020-04-23 04:00:00+00,1338,negative
2020-04-24 04:00:00+00,474,positive
2020-04-24 04:00:00+00,1247,negative
2020-04-25 04:00:00+00,969,negative
2020-04-25 04:00:00+00,254,positive
2020-04-26 04:00:00+00,211,positive
2020-04-26 04:00:00+00,609,negative
2020-04-27 04:00:00+00,521,positive
2020-04-27 04:00:00+00,1147,negative
2020-04-28 04:00:00+00,524,positive
2020-04-28 04:00:00+00,1318,negative
2020-04-29 04:00:00+00,1665,negative
2020-04-29 04:00:00+00,452,positive
2020-04-30 04:00:00+00,1354,negative
2020-04-30 04:00:00+00,416,positive
2020-05-01 04:00:00+00,1426,negative
2020-05-01 04:00:00+00,330,positive
2020-05-02 04:00:00+00,975,negative
2020-05-02 04:00:00+00,224,positive
2020-05-03 04:00:00+00,914,negative
2020-05-03 04:00:00+00,138,positive
2020-05-04 04:00:00+00,465,positive
2020-05-04 04:00:00+00,1298,negative
2020-05-05 04:00:00+00,1338,negative
2020-05-05 04:00:00+00,419,positive
2020-05-06 04:00:00+00,1916,negative
2020-05-06 04:00:00+00,368,positive
2020-05-07 04:00:00+00,375,positive
2020-05-07 04:00:00+00,1724,negative
2020-05-08 04:00:00+00,1618,negative
2020-05-08 04:00:00+00,275,positive
2020-05-09 04:00:00+00,1135,negative
2020-05-09 04:00:00+00,120,positive
2020-05-10 04:00:00+00,896,negative
2020-05-10 04:00:00+00,78,positive
2020-05-11 04:00:00+00,1332,negative
2020-05-11 04:00:00+00,287,positive
2020-05-12 04:00:00+00,1430,negative
2020-05-12 04:00:00+00,281,positive
2020-05-13 04:00:00+00,288,positive
2020-05-13 04:00:00+00,1875,negative
2020-05-14 04:00:00+00,1934,negative
2020-05-14 04:00:00+00,253,positive
2020-05-15 04:00:00+00,274,positive
2020-05-15 04:00:00+00,1892,negative
2020-05-16 04:00:00+00,1361,negative
2020-05-16 04:00:00+00,106,positive
2020-05-17 04:00:00+00,1321,negative
2020-05-17 04:00:00+00,102,positive
2020-05-18 04:00:00+00,1175,negative
2020-05-18 04:00:00+00,275,positive
2020-05-19 04:00:00+00,271,positive
2020-05-19 04:00:00+00,1823,negative
2020-05-20 04:00:00+00,2002,negative
2020-05-20 04:00:00+00,299,positive
2020-05-21 04:00:00+00,2127,negative
2020-05-21 04:00:00+00,301,positive
2020-05-22 04:00:00+00,243,positive
2020-05-22 04:00:00+00,1965,negative
2020-05-23 04:00:00+00,1510,negative
2020-05-23 04:00:00+00,117,positive
2020-05-24 04:00:00+00,1486,negative
2020-05-24 04:00:00+00,98,positive
2020-05-25 04:00:00+00,102,positive
2020-05-25 04:00:00+00,1443,negative
2020-05-26 04:00:00+00,244,positive
2020-05-26 04:00:00+00,2212,negative
2020-05-27 04:00:00+00,2235,negative
2020-05-27 04:00:00+00,220,positive
2020-05-28 04:00:00+00,2102,negative
2020-05-28 04:00:00+00,174,positive
2020-05-29 04:00:00+00,196,positive
2020-05-29 04:00:00+00,2085,negative
2020-05-30 04:00:00+00,75,positive
2020-05-30 04:00:00+00,1650,negative
2020-05-31 04:00:00+00,1523,negative
2020-05-31 04:00:00+00,61,positive
2020-06-01 04:00:00+00,1583,negative
2020-06-01 04:00:00+00,107,positive
2020-06-02 04:00:00+00,112,positive
2020-06-02 04:00:00+00,1781,negative
2020-06-03 04:00:00+00,2077,negative
2020-06-03 04:00:00+00,144,positive
2020-06-04 04:00:00+00,116,positive
2020-06-04 04:00:00+00,1562,negative
2020-06-05 04:00:00+00,130,positive
2020-06-05 04:00:00+00,1978,negative
2020-06-06 04:00:00+00,59,positive
2020-06-06 04:00:00+00,1335,negative
2020-06-07 04:00:00+00,56,positive
2020-06-07 04:00:00+00,1409,negative
2020-06-08 04:00:00+00,1842,negative
2020-06-08 04:00:00+00,151,positive
2020-06-09 04:00:00+00,2322,negative
2020-06-09 04:00:00+00,142,positive
2020-06-10 04:00:00+00,2488,negative
2020-06-10 04:00:00+00,113,positive
2020-06-11 04:00:00+00,1864,negative
2020-06-11 04:00:00+00,100,positive
2020-06-12 04:00:00+00,2337,negative
2020-06-12 04:00:00+00,96,positive
2020-06-13 04:00:00+00,75,positive
2020-06-13 04:00:00+00,2084,negative
2020-06-14 04:00:00+00,1518,negative
2020-06-14 04:00:00+00,51,positive
2020-06-15 04:00:00+00,117,positive
2020-06-15 04:00:00+00,2277,negative
2020-06-16 04:00:00+00,115,positive
2020-06-16 04:00:00+00,2539,negative
2020-06-17 04:00:00+00,151,positive
2020-06-17 04:00:00+00,3097,negative
2020-06-18 04:00:00+00,2277,negative
2020-06-18 04:00:00+00,144,positive
2020-06-19 04:00:00+00,127,positive
2020-06-19 04:00:00+00,2587,negative
2020-06-20 04:00:00+00,2432,negative
2020-06-20 04:00:00+00,86,positive
2020-06-21 04:00:00+00,1474,negative
2020-06-21 04:00:00+00,78,positive
2020-06-22 04:00:00+00,130,positive
2020-06-22 04:00:00+00,2213,negative
2020-06-23 04:00:00+00,2600,negative
2020-06-23 04:00:00+00,171,positive
2020-06-24 04:00:00+00,150,positive
2020-06-24 04:00:00+00,2567,negative
2020-06-25 04:00:00+00,150,positive
2020-06-25 04:00:00+00,2405,negative
2020-06-26 04:00:00+00,1924,negative
2020-06-26 04:00:00+00,127,positive
2020-06-27 04:00:00+00,81,positive
2020-06-27 04:00:00+00,2008,negative
2020-06-28 04:00:00+00,2080,negative
2020-06-28 04:00:00+00,70,positive
2020-06-29 04:00:00+00,153,positive
2020-06-29 04:00:00+00,2583,negative
2020-06-30 04:00:00+00,2719,negative
2020-06-30 04:00:00+00,149,positive
2020-07-01 04:00:00+00,176,positive
2020-07-01 04:00:00+00,2542,negative
2020-07-02 04:00:00+00,137,positive
2020-07-02 04:00:00+00,2538,negative
2020-07-03 04:00:00+00,96,positive
2020-07-03 04:00:00+00,2748,negative
2020-07-04 04:00:00+00,1510,negative
2020-07-04 04:00:00+00,47,positive
2020-07-05 04:00:00+00,66,positive
2020-07-05 04:00:00+00,1877,negative
2020-07-06 04:00:00+00,2807,negative
2020-07-06 04:00:00+00,140,positive
2020-07-07 04:00:00+00,189,positive
2020-07-07 04:00:00+00,2862,negative
2020-07-08 04:00:00+00,3643,negative
2020-07-08 04:00:00+00,173,positive
2020-07-09 04:00:00+00,158,positive
2020-07-09 04:00:00+00,2912,negative
2020-07-10 04:00:00+00,125,positive
2020-07-10 04:00:00+00,2442,negative
2020-07-11 04:00:00+00,115,positive
2020-07-11 04:00:00+00,1862,negative
2020-07-12 04:00:00+00,94,positive
2020-07-12 04:00:00+00,1602,negative
2020-07-13 04:00:00+00,2533,negative
2020-07-13 04:00:00+00,168,positive
2020-07-14 04:00:00+00,195,positive
2020-07-14 04:00:00+00,2909,negative
2020-07-15 04:00:00+00,177,positive
2020-07-15 04:00:00+00,3299,negative
2020-07-16 04:00:00+00,3615,negative
2020-07-16 04:00:00+00,154,positive
2020-07-17 04:00:00+00,3730,negative
2020-07-17 04:00:00+00,175,positive
2020-07-18 04:00:00+00,2621,negative
2020-07-18 04:00:00+00,97,positive
2020-07-19 04:00:00+00,2363,negative
2020-07-19 04:00:00+00,69,positive
2020-07-20 04:00:00+00,3273,negative
2020-07-20 04:00:00+00,151,positive
2020-07-21 04:00:00+00,2917,negative
2020-07-21 04:00:00+00,178,positive
2020-07-22 04:00:00+00,3981,negative
2020-07-22 04:00:00+00,155,positive
2020-07-23 04:00:00+00,4285,negative
2020-07-23 04:00:00+00,188,positive
2020-07-24 04:00:00+00,170,positive
2020-07-24 04:00:00+00,3850,negative
2020-07-25 04:00:00+00,82,positive
2020-07-25 04:00:00+00,2882,negative
2020-07-26 04:00:00+00,2616,negative
2020-07-26 04:00:00+00,81,positive
2020-07-27 04:00:00+00,157,positive
2020-07-27 04:00:00+00,2670,negative
2020-07-28 04:00:00+00,132,positive
2020-07-28 04:00:00+00,3353,negative
2020-07-29 04:00:00+00,174,positive
2020-07-29 04:00:00+00,3436,negative
2020-07-30 04:00:00+00,139,positive
2020-07-30 04:00:00+00,3596,negative
2020-07-31 04:00:00+00,138,positive
2020-07-31 04:00:00+00,3538,negative
2020-08-01 04:00:00+00,2348,negative
2020-08-01 04:00:00+00,64,positive
2020-08-02 04:00:00+00,2867,negative
2020-08-02 04:00:00+00,69,positive
2020-08-03 04:00:00+00,143,positive
2020-08-03 04:00:00+00,3105,negative
2020-08-04 04:00:00+00,3498,negative
2020-08-04 04:00:00+00,86,positive
2020-08-05 04:00:00+00,5069,negative
2020-08-05 04:00:00+00,196,positive
2020-08-06 04:00:00+00,3634,negative
2020-08-06 04:00:00+00,140,positive
2020-08-07 04:00:00+00,3263,negative
2020-08-07 04:00:00+00,108,positive
2020-08-08 04:00:00+00,2598,negative
2020-08-08 04:00:00+00,84,positive
2020-08-09 04:00:00+00,75,positive
2020-08-09 04:00:00+00,2941,negative
2020-08-10 04:00:00+00,160,positive
2020-08-10 04:00:00+00,3285,negative
2020-08-11 04:00:00+00,3496,negative
2020-08-11 04:00:00+00,159,positive
2020-08-12 04:00:00+00,4623,negative
2020-08-12 04:00:00+00,125,positive
2020-08-13 04:00:00+00,142,positive
2020-08-13 04:00:00+00,3764,negative
2020-08-14 04:00:00+00,4022,negative
2020-08-14 04:00:00+00,131,positive
2020-08-15 04:00:00+00,87,positive
2020-08-15 04:00:00+00,2983,negative
2020-08-16 04:00:00+00,48,positive
2020-08-16 04:00:00+00,2539,negative
2020-08-17 04:00:00+00,3085,negative
2020-08-17 04:00:00+00,116,positive
2020-08-18 04:00:00+00,3657,negative
2020-08-18 04:00:00+00,129,positive
2020-08-19 04:00:00+00,4194,negative
2020-08-19 04:00:00+00,111,positive
2020-08-20 04:00:00+00,124,positive
2020-08-20 04:00:00+00,3576,negative
2020-08-21 04:00:00+00,3641,negative
2020-08-21 04:00:00+00,85,positive
2020-08-22 04:00:00+00,3300,negative
2020-08-22 04:00:00+00,68,positive
2020-08-23 04:00:00+00,2297,negative
2020-08-23 04:00:00+00,42,positive
2020-08-24 04:00:00+00,2804,negative
2020-08-24 04:00:00+00,144,positive
2020-08-25 04:00:00+00,118,positive
2020-08-25 04:00:00+00,3535,negative
2020-08-26 04:00:00+00,133,positive
2020-08-26 04:00:00+00,4112,negative
2020-08-27 04:00:00+00,3529,negative
2020-08-27 04:00:00+00,152,positive
2020-08-28 04:00:00+00,166,positive
2020-08-28 04:00:00+00,4521,negative
2020-08-29 04:00:00+00,80,positive
2020-08-29 04:00:00+00,2995,negative
2020-08-30 04:00:00+00,85,positive
2020-08-30 04:00:00+00,2831,negative
2020-08-31 04:00:00+00,233,positive
2020-08-31 04:00:00+00,2569,negative
2020-09-01 04:00:00+00,161,positive
2020-09-01 04:00:00+00,4243,negative
2020-09-02 04:00:00+00,4297,negative
2020-09-02 04:00:00+00,126,positive
2020-09-03 04:00:00+00,3818,negative
2020-09-03 04:00:00+00,115,positive
2020-09-04 04:00:00+00,3965,negative
2020-09-04 04:00:00+00,90,positive
2020-09-05 04:00:00+00,71,positive
2020-09-05 04:00:00+00,2890,negative
2020-09-06 04:00:00+00,3172,negative
2020-09-06 04:00:00+00,51,positive
2020-09-07 04:00:00+00,2062,negative
2020-09-07 04:00:00+00,29,positive
2020-09-08 04:00:00+00,94,positive
2020-09-08 04:00:00+00,2785,negative
2020-09-09 04:00:00+00,103,positive
2020-09-09 04:00:00+00,3657,negative
2020-09-10 04:00:00+00,3817,negative
2020-09-10 04:00:00+00,123,positive
2020-09-11 04:00:00+00,132,positive
2020-09-11 04:00:00+00,3623,negative
2020-09-12 04:00:00+00,60,positive
2020-09-12 04:00:00+00,3613,negative
2020-09-13 04:00:00+00,2956,negative
2020-09-13 04:00:00+00,38,positive
2020-09-14 04:00:00+00,102,positive
2020-09-14 04:00:00+00,3648,negative
2020-09-15 04:00:00+00,99,positive
2020-09-15 04:00:00+00,3914,negative
2020-09-16 04:00:00+00,97,positive
2020-09-16 04:00:00+00,4415,negative
2020-09-17 04:00:00+00,4336,negative
2020-09-17 04:00:00+00,90,positive
2020-09-18 04:00:00+00,115,positive
2020-09-18 04:00:00+00,4371,negative
2020-09-19 04:00:00+00,3770,negative
2020-09-19 04:00:00+00,66,positive
2020-09-20 04:00:00+00,37,positive
2020-09-20 04:00:00+00,2791,negative
2020-09-21 04:00:00+00,103,positive
2020-09-21 04:00:00+00,3808,negative
2020-09-22 04:00:00+00,109,positive
2020-09-22 04:00:00+00,4027,negative
2020-09-23 04:00:00+00,119,positive
2020-09-23 04:00:00+00,4498,negative
2020-09-24 04:00:00+00,119,positive
2020-09-24 04:00:00+00,4511,negative
2020-09-25 04:00:00+00,4728,negative
2020-09-25 04:00:00+00,113,positive
2020-09-26 04:00:00+00,78,positive
2020-09-26 04:00:00+00,3425,negative
2020-09-27 04:00:00+00,2992,negative
2020-09-27 04:00:00+00,79,positive
2020-09-28 04:00:00+00,3895,negative
2020-09-28 04:00:00+00,144,positive
2020-09-29 04:00:00+00,4396,negative
2020-09-29 04:00:00+00,157,positive
2020-09-30 04:00:00+00,183,positive
2020-09-30 04:00:00+00,4594,negative
2020-10-01 04:00:00+00,4337,negative
2020-10-01 04:00:00+00,187,positive
2020-10-02 04:00:00+00,150,positive
2020-10-02 04:00:00+00,4725,negative
2020-10-03 04:00:00+00,108,positive
2020-10-03 04:00:00+00,3658,negative
2020-10-04 04:00:00+00,3025,negative
2020-10-04 04:00:00+00,108,positive
2020-10-05 04:00:00+00,4300,negative
2020-10-05 04:00:00+00,199,positive
2020-10-06 04:00:00+00,211,positive
2020-10-06 04:00:00+00,5106,negative
2020-10-07 04:00:00+00,235,positive
2020-10-07 04:00:00+00,5297,negative
2020-10-08 04:00:00+00,266,positive
2020-10-08 04:00:00+00,5612,negative
2020-10-09 04:00:00+00,5506,negative
2020-10-09 04:00:00+00,217,positive
2020-10-10 04:00:00+00,134,positive
2020-10-10 04:00:00+00,4678,negative
2020-10-11 04:00:00+00,99,positive
2020-10-11 04:00:00+00,4734,negative
2020-10-12 04:00:00+00,4440,negative
2020-10-12 04:00:00+00,197,positive
2020-10-13 04:00:00+00,5228,negative
2020-10-13 04:00:00+00,224,positive
2020-10-14 04:00:00+00,5546,negative
2020-10-14 04:00:00+00,310,positive
2020-10-15 04:00:00+00,6328,negative
2020-10-15 04:00:00+00,250,positive
2020-10-16 04:00:00+00,5402,negative
2020-10-16 04:00:00+00,292,positive
2020-10-17 04:00:00+00,168,positive
2020-10-17 04:00:00+00,4978,negative
2020-10-18 04:00:00+00,3953,negative
2020-10-18 04:00:00+00,174,positive
2020-10-19 04:00:00+00,4406,negative
2020-10-19 04:00:00+00,276,positive
2020-10-20 04:00:00+00,381,positive
2020-10-20 04:00:00+00,5079,negative
2020-10-21 04:00:00+00,429,positive
2020-10-21 04:00:00+00,5886,negative
2020-10-22 04:00:00+00,6006,negative
2020-10-22 04:00:00+00,438,positive
2020-10-23 04:00:00+00,6907,negative
2020-10-23 04:00:00+00,432,positive
2020-10-24 04:00:00+00,268,positive
2020-10-24 04:00:00+00,4722,negative
2020-10-25 04:00:00+00,216,positive
2020-10-25 04:00:00+00,4090,negative
2020-10-26 04:00:00+00,5137,negative
2020-10-26 04:00:00+00,457,positive
2020-10-27 04:00:00+00,5520,negative
2020-10-27 04:00:00+00,409,positive
2020-10-28 04:00:00+00,6076,negative
2020-10-28 04:00:00+00,503,positive
2020-10-29 04:00:00+00,6425,negative
2020-10-29 04:00:00+00,448,positive
2020-10-30 04:00:00+00,536,positive
2020-10-30 04:00:00+00,6068,negative
2020-10-31 04:00:00+00,290,positive
2020-10-31 04:00:00+00,5166,negative
2020-11-01 04:00:00+00,4864,negative
2020-11-01 04:00:00+00,270,positive
2020-11-02 05:00:00+00,546,positive
2020-11-02 05:00:00+00,5348,negative
2020-11-03 05:00:00+00,6123,negative
2020-11-03 05:00:00+00,625,positive
2020-11-04 05:00:00+00,651,positive
2020-11-04 05:00:00+00,6034,negative
2020-11-05 05:00:00+00,6662,negative
2020-11-05 05:00:00+00,832,positive
2020-11-06 05:00:00+00,849,positive
2020-11-06 05:00:00+00,6533,negative
2020-11-07 05:00:00+00,6466,negative
2020-11-07 05:00:00+00,493,positive
2020-11-08 05:00:00+00,473,positive
2020-11-08 05:00:00+00,4615,negative
2020-11-09 05:00:00+00,1025,positive
2020-11-09 05:00:00+00,5225,negative
2020-11-10 05:00:00+00,1093,positive
2020-11-10 05:00:00+00,6730,negative
2020-11-11 05:00:00+00,1125,positive
2020-11-11 05:00:00+00,7986,negative
2020-11-12 05:00:00+00,1147,positive
2020-11-12 05:00:00+00,8438,negative
2020-11-13 05:00:00+00,1024,positive
2020-11-13 05:00:00+00,8899,negative
2020-11-14 05:00:00+00,6032,negative
2020-11-14 05:00:00+00,637,positive
2020-11-15 05:00:00+00,514,positive
2020-11-15 05:00:00+00,5871,negative
2020-11-16 05:00:00+00,1180,positive
2020-11-16 05:00:00+00,6576,negative
2020-11-17 05:00:00+00,1100,positive
2020-11-17 05:00:00+00,8185,negative
2020-11-18 05:00:00+00,1187,positive
2020-11-18 05:00:00+00,8758,negative
2020-11-19 05:00:00+00,1129,positive
2020-11-19 05:00:00+00,8823,negative
2020-11-20 05:00:00+00,10107,negative
2020-11-20 05:00:00+00,1068,positive
2020-11-21 05:00:00+00,652,positive
2020-11-21 05:00:00+00,7834,negative
2020-11-22 05:00:00+00,528,positive
2020-11-22 05:00:00+00,7477,negative
2020-11-23 05:00:00+00,1293,positive
2020-11-23 05:00:00+00,7600,negative
2020-11-24 05:00:00+00,1247,positive
2020-11-24 05:00:00+00,8648,negative
2020-11-25 05:00:00+00,1143,positive
2020-11-25 05:00:00+00,9092,negative
2020-11-26 05:00:00+00,296,positive
2020-11-26 05:00:00+00,6043,negative
2020-11-27 05:00:00+00,925,positive
2020-11-27 05:00:00+00,6177,negative
2020-11-28 05:00:00+00,4941,negative
2020-11-28 05:00:00+00,645,positive
2020-11-29 05:00:00+00,551,positive
2020-11-29 05:00:00+00,4802,negative
2020-11-30 05:00:00+00,5829,negative
2020-11-30 05:00:00+00,1281,positive
2020-12-01 05:00:00+00,1299,positive
2020-12-01 05:00:00+00,7405,negative
2020-12-02 05:00:00+00,1347,positive
2020-12-02 05:00:00+00,8095,negative
2020-12-03 05:00:00+00,8544,negative
2020-12-03 05:00:00+00,1311,positive
2020-12-04 05:00:00+00,1149,positive
2020-12-04 05:00:00+00,8532,negative
2020-12-05 05:00:00+00,681,positive
2020-12-05 05:00:00+00,6447,negative
2020-12-06 05:00:00+00,5212,negative
2020-12-06 05:00:00+00,521,positive
2020-12-07 05:00:00+00,6810,negative
2020-12-07 05:00:00+00,1237,positive
2020-12-08 05:00:00+00,7490,negative
2020-12-08 05:00:00+00,1162,positive
2020-12-09 05:00:00+00,8222,negative
2020-12-09 05:00:00+00,1132,positive
2020-12-10 05:00:00+00,8325,negative
2020-12-10 05:00:00+00,1148,positive
2020-12-11 05:00:00+00,939,positive
2020-12-11 05:00:00+00,8947,negative
2020-12-12 05:00:00+00,6115,negative
2020-12-12 05:00:00+00,514,positive
2020-12-13 05:00:00+00,362,positive
2020-12-13 05:00:00+00,5829,negative
2020-12-14 05:00:00+00,6793,negative
2020-12-14 05:00:00+00,1010,positive
2020-12-15 05:00:00+00,7326,negative
2020-12-15 05:00:00+00,1016,positive
2020-12-16 05:00:00+00,699,positive
2020-12-16 05:00:00+00,8090,negative
2020-12-17 05:00:00+00,6833,negative
2020-12-17 05:00:00+00,598,positive
2020-12-18 05:00:00+00,8284,negative
2020-12-18 05:00:00+00,813,positive
2020-12-19 05:00:00+00,464,positive
2020-12-19 05:00:00+00,6509,negative
2020-12-20 05:00:00+00,366,positive
2020-12-20 05:00:00+00,5798,negative
2020-12-21 05:00:00+00,6064,negative
2020-12-21 05:00:00+00,939,positive
2020-12-22 05:00:00+00,7649,negative
2020-12-22 05:00:00+00,916,positive
2020-12-23 05:00:00+00,841,positive
2020-12-23 05:00:00+00,7875,negative
2020-12-24 05:00:00+00,552,positive
2020-12-24 05:00:00+00,7650,negative
2020-12-25 05:00:00+00,4283,negative
2020-12-25 05:00:00+00,165,positive
2020-12-26 05:00:00+00,4346,negative
2020-12-26 05:00:00+00,408,positive
2020-12-27 05:00:00+00,3881,negative
2020-12-27 05:00:00+00,307,positive
2020-12-28 05:00:00+00,4777,negative
2020-12-28 05:00:00+00,871,positive
2020-12-29 05:00:00+00,6244,negative
2020-12-29 05:00:00+00,803,positive
2020-12-30 05:00:00+00,677,positive
2020-12-30 05:00:00+00,7178,negative
2020-12-31 05:00:00+00,7386,negative
2020-12-31 05:00:00+00,547,positive
2021-01-01 05:00:00+00,199,positive
2021-01-01 05:00:00+00,4875,negative
2021-01-02 05:00:00+00,453,positive
2021-01-02 05:00:00+00,4452,negative
2021-01-03 05:00:00+00,381,positive
2021-01-03 05:00:00+00,4035,negative
2021-01-04 05:00:00+00,6339,negative
2021-01-04 05:00:00+00,884,positive
2021-01-05 05:00:00+00,823,positive
2021-01-05 05:00:00+00,7501,negative
2021-01-06 05:00:00+00,7738,negative
2021-01-06 05:00:00+00,742,positive
2021-01-07 05:00:00+00,8052,negative
2021-01-07 05:00:00+00,690,positive
2021-01-08 05:00:00+00,8690,negative
2021-01-08 05:00:00+00,699,positive
2021-01-09 05:00:00+00,401,positive
2021-01-09 05:00:00+00,6649,negative
2021-01-10 05:00:00+00,304,positive
2021-01-10 05:00:00+00,4483,negative
2021-01-11 05:00:00+00,751,positive
2021-01-11 05:00:00+00,7290,negative
2021-01-12 05:00:00+00,8809,negative
2021-01-12 05:00:00+00,605,positive
2021-01-13 05:00:00+00,8733,negative
2021-01-13 05:00:00+00,607,positive
2021-01-14 05:00:00+00,581,positive
2021-01-14 05:00:00+00,10813,negative
2021-01-15 05:00:00+00,554,positive
2021-01-15 05:00:00+00,9877,negative
2021-01-16 05:00:00+00,6800,negative
2021-01-16 05:00:00+00,337,positive
2021-01-17 05:00:00+00,5139,negative
2021-01-17 05:00:00+00,255,positive
2021-01-18 05:00:00+00,7255,negative
2021-01-18 05:00:00+00,482,positive
2021-01-19 05:00:00+00,9164,negative
2021-01-19 05:00:00+00,622,positive
2021-01-20 05:00:00+00,487,positive
2021-01-20 05:00:00+00,7074,negative
2021-01-21 05:00:00+00,9567,negative
2021-01-21 05:00:00+00,516,positive
2021-01-22 05:00:00+00,9300,negative
2021-01-22 05:00:00+00,462,positive
2021-01-23 05:00:00+00,6570,negative
2021-01-23 05:00:00+00,283,positive
2021-01-24 05:00:00+00,280,positive
2021-01-24 05:00:00+00,4174,negative
2021-01-25 05:00:00+00,561,positive
2021-01-25 05:00:00+00,8959,negative
2021-01-26 05:00:00+00,473,positive
2021-01-26 05:00:00+00,8652,negative
2021-01-27 05:00:00+00,9144,negative
2021-01-27 05:00:00+00,489,positive
2021-01-28 05:00:00+00,503,positive
2021-01-28 05:00:00+00,10727,negative
2021-01-29 05:00:00+00,427,positive
2021-01-29 05:00:00+00,9014,negative
2021-01-30 05:00:00+00,255,positive
2021-01-30 05:00:00+00,6381,negative
2021-01-31 05:00:00+00,215,positive
2021-01-31 05:00:00+00,3649,negative
2021-02-01 05:00:00+00,2681,negative
2021-02-01 05:00:00+00,138,positive
2021-02-02 05:00:00+00,3357,negative
2021-02-02 05:00:00+00,290,positive
2021-02-03 05:00:00+00,473,positive
2021-02-03 05:00:00+00,7272,negative
2021-02-04 05:00:00+00,9965,negative
2021-02-04 05:00:00+00,481,positive
2021-02-05 05:00:00+00,9770,negative
2021-02-05 05:00:00+00,450,positive
2021-02-06 05:00:00+00,6385,negative
2021-02-06 05:00:00+00,293,positive
2021-02-07 05:00:00+00,3384,negative
2021-02-07 05:00:00+00,162,positive
2021-02-08 05:00:00+00,7757,negative
2021-02-08 05:00:00+00,382,positive
2021-02-09 05:00:00+00,373,positive
2021-02-09 05:00:00+00,7812,negative
2021-02-10 05:00:00+00,8483,negative
2021-02-10 05:00:00+00,357,positive
2021-02-11 05:00:00+00,8501,negative
2021-02-11 05:00:00+00,330,positive
2021-02-12 05:00:00+00,7063,negative
2021-02-12 05:00:00+00,296,positive
2021-02-13 05:00:00+00,184,positive
2021-02-13 05:00:00+00,4496,negative
2021-02-14 05:00:00+00,2840,negative
2021-02-14 05:00:00+00,123,positive
2021-02-15 05:00:00+00,327,positive
2021-02-15 05:00:00+00,6740,negative
2021-02-16 05:00:00+00,335,positive
2021-02-16 05:00:00+00,6920,negative
2021-02-17 05:00:00+00,8290,negative
2021-02-17 05:00:00+00,337,positive
2021-02-18 05:00:00+00,141,positive
2021-02-18 05:00:00+00,6466,negative
2021-02-19 05:00:00+00,253,positive
2021-02-19 05:00:00+00,5516,negative
2021-02-20 05:00:00+00,227,positive
2021-02-20 05:00:00+00,4733,negative
2021-02-21 05:00:00+00,3031,negative
2021-02-21 05:00:00+00,207,positive
2021-02-22 05:00:00+00,6859,negative
2021-02-22 05:00:00+00,293,positive
2021-02-23 05:00:00+00,311,positive
2021-02-23 05:00:00+00,8225,negative
2021-02-24 05:00:00+00,321,positive
2021-02-24 05:00:00+00,8838,negative
2021-02-25 05:00:00+00,9573,negative
2021-02-25 05:00:00+00,292,positive
2021-02-26 05:00:00+00,7868,negative
2021-02-26 05:00:00+00,316,positive
2021-02-27 05:00:00+00,181,positive
2021-02-27 05:00:00+00,5507,negative
2021-02-28 05:00:00+00,175,positive
2021-02-28 05:00:00+00,3161,negative
2021-03-01 05:00:00+00,7711,negative
2021-03-01 05:00:00+00,339,positive
2021-03-02 05:00:00+00,288,positive
2021-03-02 05:00:00+00,8598,negative
2021-03-03 05:00:00+00,343,positive
2021-03-03 05:00:00+00,9158,negative
2021-03-04 05:00:00+00,337,positive
2021-03-04 05:00:00+00,9490,negative
2021-03-05 05:00:00+00,332,positive
2021-03-05 05:00:00+00,8238,negative
2021-03-06 05:00:00+00,5229,negative
2021-03-06 05:00:00+00,224,positive
2021-03-07 05:00:00+00,3189,negative
2021-03-07 05:00:00+00,186,positive
2021-03-08 05:00:00+00,7776,negative
2021-03-08 05:00:00+00,355,positive
2021-03-09 05:00:00+00,5857,negative
2021-03-09 05:00:00+00,332,positive
2021-03-10 05:00:00+00,4904,negative
2021-03-10 05:00:00+00,311,positive
2021-03-11 05:00:00+00,6433,negative
2021-03-11 05:00:00+00,376,positive
2021-03-12 05:00:00+00,333,positive
2021-03-12 05:00:00+00,6033,negative
2021-03-13 05:00:00+00,3865,negative
2021-03-13 05:00:00+00,254,positive
2021-03-14 05:00:00+00,210,positive
2021-03-14 05:00:00+00,2400,negative
2021-03-15 04:00:00+00,7821,negative
2021-03-15 04:00:00+00,495,positive
2021-03-16 04:00:00+00,509,positive
2021-03-16 04:00:00+00,7915,negative
2021-03-17 04:00:00+00,7135,negative
2021-03-17 04:00:00+00,531,positive
2021-03-18 04:00:00+00,475,positive
2021-03-18 04:00:00+00,8105,negative
2021-03-19 04:00:00+00,7933,negative
2021-03-19 04:00:00+00,538,positive
2021-03-20 04:00:00+00,4234,negative
2021-03-20 04:00:00+00,340,positive
2021-03-21 04:00:00+00,319,positive
2021-03-21 04:00:00+00,2722,negative
2021-03-22 04:00:00+00,8592,negative
2021-03-22 04:00:00+00,597,positive
2021-03-23 04:00:00+00,555,positive
2021-03-23 04:00:00+00,8706,negative
2021-03-24 04:00:00+00,7374,negative
2021-03-24 04:00:00+00,610,positive
2021-03-25 04:00:00+00,9529,negative
2021-03-25 04:00:00+00,662,positive
2021-03-26 04:00:00+00,7913,negative
2021-03-26 04:00:00+00,574,positive
2021-03-27 04:00:00+00,4331,negative
2021-03-27 04:00:00+00,378,positive
2021-03-28 04:00:00+00,2732,negative
2021-03-28 04:00:00+00,390,positive
2021-03-29 04:00:00+00,7491,negative
2021-03-29 04:00:00+00,716,positive
2021-03-30 04:00:00+00,7736,negative
2021-03-30 04:00:00+00,642,positive
2021-03-31 04:00:00+00,628,positive
2021-03-31 04:00:00+00,7812,negative
2021-04-01 04:00:00+00,5873,negative
2021-04-01 04:00:00+00,660,positive
2021-04-02 04:00:00+00,6730,negative
2021-04-02 04:00:00+00,591,positive
2021-04-03 04:00:00+00,4582,negative
2021-04-03 04:00:00+00,469,positive
2021-04-04 04:00:00+00,2617,negative
2021-04-04 04:00:00+00,363,positive
2021-04-05 04:00:00+00,9943,negative
2021-04-05 04:00:00+00,748,positive
2021-04-06 04:00:00+00,673,positive
2021-04-06 04:00:00+00,11387,negative
2021-04-07 04:00:00+00,661,positive
2021-04-07 04:00:00+00,10463,negative
2021-04-08 04:00:00+00,680,positive
2021-04-08 04:00:00+00,12265,negative
2021-04-09 04:00:00+00,10751,negative
2021-04-09 04:00:00+00,654,positive
2021-04-10 04:00:00+00,488,positive
2021-04-10 04:00:00+00,5514,negative
2021-04-11 04:00:00+00,3750,negative
2021-04-11 04:00:00+00,420,positive
2021-04-12 04:00:00+00,840,positive
2021-04-12 04:00:00+00,10822,negative
2021-04-13 04:00:00+00,750,positive
2021-04-13 04:00:00+00,11500,negative
2021-04-14 04:00:00+00,701,positive
2021-04-14 04:00:00+00,10404,negative
2021-04-15 04:00:00+00,714,positive
2021-04-15 04:00:00+00,12148,negative
2021-04-16 04:00:00+00,591,positive
2021-04-16 04:00:00+00,11081,negative
2021-04-17 04:00:00+00,5366,negative
2021-04-17 04:00:00+00,426,positive
2021-04-18 04:00:00+00,3278,negative
2021-04-18 04:00:00+00,385,positive
2021-04-19 04:00:00+00,633,positive
2021-04-19 04:00:00+00,10532,negative
2021-04-20 04:00:00+00,10004,negative
2021-04-20 04:00:00+00,520,positive
2021-04-21 04:00:00+00,8066,negative
2021-04-21 04:00:00+00,577,positive
2021-04-22 04:00:00+00,527,positive
2021-04-22 04:00:00+00,9926,negative
2021-04-23 04:00:00+00,483,positive
2021-04-23 04:00:00+00,9414,negative
2021-04-24 04:00:00+00,4202,negative
2021-04-24 04:00:00+00,320,positive
2021-04-25 04:00:00+00,338,positive
2021-04-25 04:00:00+00,2807,negative
2021-04-26 04:00:00+00,552,positive
2021-04-26 04:00:00+00,10176,negative
2021-04-27 04:00:00+00,483,positive
2021-04-27 04:00:00+00,11456,negative
2021-04-28 04:00:00+00,469,positive
2021-04-28 04:00:00+00,8320,negative
2021-04-29 04:00:00+00,447,positive
2021-04-29 04:00:00+00,9537,negative
2021-04-30 04:00:00+00,10164,negative
2021-04-30 04:00:00+00,368,positive
